exchange,symbol,expiry,strike,call_gex,put_gex,call_oi,put_oi,spot_price
Binance,BTC,2026-04-20,72000.0,0.0,-13096521.99708245,0.0,127.54,75974.3176087
Binance,BTC,2026-04-20,73000.0,0.0,-14671149.464042913,0.0,58.15,75974.3176087
Binance,BTC,2026-04-20,73500.0,0.0,-17068380.399336435,0.0,41.34,75974.3176087
Binance,BTC,2026-04-20,74000.0,0.0,-28424784.29262266,0.0,46.27,75974.3176087
Binance,BTC,2026-04-20,74500.0,0.0,-42324614.21519045,0.0,46.58,75974.3176087
Binance,BTC,2026-04-20,75000.0,0.0,-58838261.46638533,0.0,48.49,75974.3176087
Binance,BTC,2026-04-20,75500.0,24846499.206005644,-60106267.640373744,16.330000000000002,41.27,75974.3176087
Binance,BTC,2026-04-20,76000.0,69919978.77020821,-54827480.66007179,43.5,34.95,75974.3176087
Binance,BTC,2026-04-20,76500.0,62642720.39934679,-16804507.833482888,41.57,11.65,75974.3176087
Binance,BTC,2026-04-20,77000.0,45436954.280366205,-16656952.256247008,36.95,13.73,75974.3176087
Binance,BTC,2026-04-20,77500.0,22686841.431295685,0.0,24.84,0.0,75974.3176087
Binance,BTC,2026-04-20,78000.0,43090749.25919756,0.0,67.67,0.0,75974.3176087
Binance,BTC,2026-04-20,78500.0,33757106.89479733,0.0,76.79,0.0,75974.3176087
Binance,BTC,2026-04-20,79000.0,21519830.791817732,0.0,73.06,0.0,75974.3176087
Binance,BTC,2026-04-20,80000.0,21031023.07162223,0.0,151.06,0.0,75974.3176087
Binance,BTC,2026-04-21,72000.0,0.0,-11397527.197907526,0.0,48.480000000000004,75974.3176087
Binance,BTC,2026-04-21,75000.0,0.0,-20361396.91117714,0.0,23.13,75974.3176087
Binance,BTC,2026-04-21,76000.0,15661914.895673754,0.0,15.57,0.0,75974.3176087
Binance,BTC,2026-04-21,77000.0,18909050.163388733,0.0,20.490000000000002,0.0,75974.3176087
Binance,BTC,2026-04-22,76500.0,10043824.432337804,0.0,12.57,0.0,75974.3176087
Binance,BTC,2026-04-24,68000.0,0.0,-11835591.259518316,0.0,121.98,75974.3176087
Binance,BTC,2026-04-24,69000.0,0.0,-12573443.028538503,0.0,93.17,75974.3176087
Binance,BTC,2026-04-24,70000.0,0.0,-19246184.49239413,0.0,103.68,75974.3176087
Binance,BTC,2026-04-24,71000.0,12444079.946425844,-21022752.811132178,93.41,83.04,75974.3176087
Binance,BTC,2026-04-24,72000.0,17636375.517398395,-21226365.262182456,70.63,63.59,75974.3176087
Binance,BTC,2026-04-24,73000.0,27258455.337792862,-26240854.27308668,60.32,62.940000000000005,75974.3176087
Binance,BTC,2026-04-24,74000.0,36985699.30110506,-33077235.839500338,74.06,66.58,75974.3176087
Binance,BTC,2026-04-24,75000.0,52230378.16975228,-114671516.16454121,92.97,205.36,75974.3176087
Binance,BTC,2026-04-24,76000.0,96025069.86009948,-22776654.68241182,162.43,38.69,75974.3176087
Binance,BTC,2026-04-24,77000.0,33322351.399150316,-15046253.223903723,57.46,26.01,75974.3176087
Binance,BTC,2026-04-24,78000.0,178112194.90993294,-25781388.430456184,335.48,49.75,75974.3176087
Binance,BTC,2026-04-24,79000.0,16246440.722151034,0.0,35.86,0.0,75974.3176087
Binance,BTC,2026-04-24,80000.0,166634845.9607057,0.0,457.73,0.0,75974.3176087
Binance,BTC,2026-04-24,81000.0,32607562.620648034,0.0,118.06,0.0,75974.3176087
Binance,BTC,2026-04-24,82000.0,34742565.46050511,0.0,169.36,0.0,75974.3176087
Binance,BTC,2026-04-24,84000.0,10131394.646584574,0.0,94.52,0.0,75974.3176087
Binance,BTC,2026-04-24,85000.0,11443439.611356713,0.0,144.29,0.0,75974.3176087
Binance,BTC,2026-05-01,64000.0,0.0,-13306663.266977157,0.0,201.34,75974.3176087
Binance,BTC,2026-05-01,70000.0,0.0,-14320106.69026027,0.0,67.07000000000001,75974.3176087
Binance,BTC,2026-05-01,75000.0,10411491.999715826,0.0,28.25,0.0,75974.3176087
Binance,BTC,2026-05-01,76000.0,10148933.74033463,0.0,26.54,0.0,75974.3176087
Binance,BTC,2026-05-01,77000.0,37565429.09223812,0.0,97.69,0.0,75974.3176087
Binance,BTC,2026-05-01,78000.0,27054510.99116876,0.0,71.45,0.0,75974.3176087
Binance,BTC,2026-05-01,80000.0,181068100.7583657,0.0,550.15,0.0,75974.3176087
Binance,BTC,2026-05-29,66000.0,0.0,-19901337.69698162,0.0,168.27,75974.3176087
Binance,BTC,2026-05-29,76000.0,23915552.32376246,0.0,108.35000000000001,0.0,75974.3176087
Binance,BTC,2026-05-29,78000.0,13328586.845559882,-11227324.221133133,59.56,51.160000000000004,75974.3176087
Binance,BTC,2026-05-29,82000.0,13132247.81385879,0.0,64.36,0.0,75974.3176087
Binance,BTC,2026-05-29,84000.0,17161949.553928897,0.0,93.44,0.0,75974.3176087
Binance,BTC,2026-05-29,88000.0,18436687.147364203,0.0,137.44,0.0,75974.3176087
Binance,BTC,2026-06-26,50000.0,0.0,-14195271.81819399,0.0,558.9300000000001,75974.3176087
Binance,BTC,2026-06-26,60000.0,0.0,-33857786.11839569,0.0,513.64,75974.3176087
Binance,BTC,2026-06-26,65000.0,0.0,-12352489.466663076,0.0,124.06,75974.3176087
Binance,BTC,2026-06-26,70000.0,0.0,-18471225.066591095,0.0,136.29,75974.3176087
Binance,BTC,2026-06-26,80000.0,18792863.62416182,0.0,111.73,0.0,75974.3176087
Binance,BTC,2026-06-26,90000.0,25185300.516606186,0.0,208.57,0.0,75974.3176087
Binance,BTC,2026-06-26,95000.0,10316235.661188936,0.0,118.44,0.0,75974.3176087
Binance,BTC,2026-09-25,60000.0,0.0,-12878991.288690133,0.0,212.5,75974.3176087
Binance,ETH,2026-04-20,2250.0,0.0,-11044153.688298972,0.0,814.35,2338.46744186
Binance,ETH,2026-04-20,2275.0,0.0,-13757155.811006285,0.0,693.29,2338.46744186
Binance,ETH,2026-04-20,2300.0,0.0,-56358189.79523347,0.0,2111.59,2338.46744186
Binance,ETH,2026-04-20,2325.0,0.0,-16911157.800214846,0.0,533.99,2338.46744186
Binance,ETH,2026-04-20,2350.0,15251408.569685718,-11559185.494491871,460.59000000000003,348.87,2338.46744186
Binance,ETH,2026-04-20,2375.0,30004547.324421085,0.0,1043.2,0.0,2338.46744186
Binance,ETH,2026-04-20,2400.0,31588589.916234013,-13075666.90480655,1443.8600000000001,586.3000000000001,2338.46744186
Binance,ETH,2026-04-20,2425.0,14285114.577719087,0.0,933.14,0.0,2338.46744186
Binance,ETH,2026-04-24,2250.0,0.0,-10015083.312318258,0.0,986.4200000000001,2338.46744186
Binance,ETH,2026-04-24,2350.0,10287633.810560402,-10845479.119269151,844.19,890.01,2338.46744186
Binance,ETH,2026-04-24,2400.0,15872760.873636108,0.0,1351.79,0.0,2338.46744186
Binance,ETH,2026-04-24,2600.0,13090365.258223524,0.0,2524.66,0.0,2338.46744186
Binance,ETH,2026-05-29,2500.0,10582194.458381219,0.0,2420.26,0.0,2338.46744186
Binance,ETH,2026-05-29,3000.0,11849616.082136994,0.0,4660.2300000000005,0.0,2338.46744186
Binance,ETH,2026-06-26,2500.0,0.0,-11715160.624252507,0.0,3203.67,2338.46744186
Bybit,BTC,2026-04-20,73000.0,0.0,-11562486.303452961,0.0,53.67,75978.2
Bybit,BTC,2026-04-20,73500.0,0.0,-45803319.357498765,0.0,141.89,75978.2
Bybit,BTC,2026-04-20,74000.0,0.0,-35681518.47661865,0.0,75.37,75978.2
Bybit,BTC,2026-04-20,74500.0,0.0,-45152807.39617042,0.0,67.61,75978.2
Bybit,BTC,2026-04-20,75000.0,14746200.46915195,-76404083.103073,16.66,86.32,75978.2
Bybit,BTC,2026-04-20,75500.0,59860751.69213146,-111130178.60668786,55.88,103.74,75978.2
Bybit,BTC,2026-04-20,76000.0,60516844.10986212,-27747445.27229879,52.54,24.09,75978.2
Bybit,BTC,2026-04-20,76500.0,75492220.2479611,0.0,69.65,0.0,75978.2
Bybit,BTC,2026-04-20,77000.0,50284000.40151856,0.0,56.01,0.0,75978.2
Bybit,BTC,2026-04-20,77500.0,19618705.521172084,0.0,29.27,0.0,75978.2
Bybit,BTC,2026-04-20,78000.0,22707428.969801627,0.0,48.81,0.0,75978.2
Bybit,BTC,2026-04-20,78500.0,11566937.045033772,0.0,37.46,0.0,75978.2
Bybit,BTC,2026-04-21,73000.0,0.0,-14781219.319543216,0.0,33.91,75978.2
Bybit,BTC,2026-04-21,74000.0,0.0,-31881193.030534837,0.0,47.75,75978.2
Bybit,BTC,2026-04-21,74500.0,0.0,-12577993.133260304,0.0,16.02,75978.2
Bybit,BTC,2026-04-21,75500.0,20185780.2209431,-59023640.51390441,21.19,61.96,75978.2
Bybit,BTC,2026-04-21,76000.0,15833236.084761707,-10022783.7147152,16.05,10.16,75978.2
Bybit,BTC,2026-04-21,76500.0,38334199.71305218,0.0,39.61,0.0,75978.2
Bybit,BTC,2026-04-21,77000.0,35059284.59921733,0.0,38.76,0.0,75978.2
Bybit,BTC,2026-04-21,77500.0,19379361.264294326,0.0,24.01,0.0,75978.2
Bybit,BTC,2026-04-21,79000.0,10737364.99586578,0.0,23.74,0.0,75978.2
Bybit,BTC,2026-04-24,69000.0,0.0,-14512798.03887487,0.0,105.81,75978.2
Bybit,BTC,2026-04-24,70000.0,0.0,-15620983.047389442,0.0,82.1,75978.2
Bybit,BTC,2026-04-24,71000.0,14033231.499445619,-22008233.05371093,54.69,85.77,75978.2
Bybit,BTC,2026-04-24,72000.0,0.0,-55633589.73761159,0.0,166.42,75978.2
Bybit,BTC,2026-04-24,73000.0,0.0,-27955125.187128488,0.0,66.98,75978.2
Bybit,BTC,2026-04-24,74000.0,18565250.20238429,-38646637.731144235,37.47,78.0,75978.2
Bybit,BTC,2026-04-24,75000.0,37963396.36703933,-21399165.520534668,68.39,38.55,75978.2
Bybit,BTC,2026-04-24,76000.0,23929293.19187555,-12924034.538921818,41.03,22.16,75978.2
Bybit,BTC,2026-04-24,77000.0,33646825.88365837,-11127837.617868641,58.78,19.44,75978.2
Bybit,BTC,2026-04-24,78000.0,42522856.11430814,0.0,81.09,0.0,75978.2
Bybit,BTC,2026-04-24,79000.0,19042416.458610818,0.0,42.34,0.0,75978.2
Bybit,BTC,2026-04-24,79500.0,10106608.32356187,0.0,24.83,0.0,75978.2
Bybit,BTC,2026-04-24,80000.0,47657762.689123124,0.0,131.21,0.0,75978.2
Bybit,BTC,2026-04-24,82000.0,18503493.99819297,0.0,90.47,0.0,75978.2
Bybit,BTC,2026-04-24,84000.0,10893687.047372531,0.0,108.33,0.0,75978.2
Bybit,BTC,2026-05-01,73000.0,0.0,-10969147.032936981,0.0,34.77,75978.2
Bybit,BTC,2026-05-01,74000.0,0.0,-12486658.836057633,0.0,36.22,75978.2
Bybit,BTC,2026-05-01,75000.0,11572274.471318616,0.0,31.5,0.0,75978.2
Bybit,BTC,2026-05-01,76000.0,12425766.80309154,0.0,32.53,0.0,75978.2
Bybit,BTC,2026-05-01,78000.0,11195606.652709207,0.0,29.7,0.0,75978.2
Bybit,BTC,2026-05-01,80000.0,13846814.69945218,0.0,42.26,0.0,75978.2
Bybit,BTC,2026-05-29,70000.0,0.0,-10472459.858773142,0.0,62.86,75978.2
Bybit,BTC,2026-05-29,83000.0,37728473.988308005,0.0,195.27,0.0,75978.2
Bybit,BTC,2026-05-29,85000.0,11071824.082580812,0.0,64.84,0.0,75978.2
Bybit,BTC,2026-06-26,70000.0,0.0,-14280990.024712734,0.0,104.56,75978.2
Bybit,BTC,2026-06-26,74000.0,11202909.101606386,0.0,70.57,0.0,75978.2
Bybit,BTC,2026-12-25,55000.0,0.0,-10987365.055446552,0.0,263.62,75978.2
Bybit,ETH,2026-04-20,2250.0,0.0,-14351809.854483385,0.0,1458.4,2339.53
Bybit,ETH,2026-04-20,2275.0,0.0,-19510558.182040576,0.0,1368.4,2339.53
Bybit,ETH,2026-04-20,2300.0,0.0,-11475741.898469182,0.0,595.9,2339.53
Bybit,ETH,2026-04-20,2325.0,20176303.028039962,-23200667.497519247,872.6,1003.4,2339.53
Bybit,ETH,2026-04-20,2350.0,37219276.95189094,-13995130.36098343,1571.2,590.8,2339.53
Bybit,ETH,2026-04-20,2375.0,22575190.821132265,0.0,1095.3,0.0,2339.53
Bybit,ETH,2026-04-20,2400.0,29542921.819402408,0.0,1870.4,0.0,2339.53
Bybit,ETH,2026-04-24,2200.0,0.0,-15629494.693815753,0.0,1880.3,2339.53
Bybit,ETH,2026-04-24,2300.0,0.0,-10532325.368970254,0.0,912.9,2339.53
Bybit,ETH,2026-04-24,2400.0,16960382.804352276,0.0,1444.1,0.0,2339.53
Bybit,ETH,2026-05-29,2400.0,28899881.317880195,0.0,6505.1,0.0,2339.53
Bybit,ETH,2026-05-29,2500.0,43338476.56970487,0.0,9907.8,0.0,2339.53
Bybit,ETH,2026-06-26,2600.0,34569852.127073824,0.0,10437.9,0.0,2339.53
Deribit,BTC,2026-04-20,72000.0,0.0,-14802882.828460125,0.0,128.1,76012.25
Deribit,BTC,2026-04-20,72500.0,0.0,-31217789.196787685,0.0,180.1,76012.25
Deribit,BTC,2026-04-20,73000.0,0.0,-19298059.58120875,0.0,83.5,76012.25
Deribit,BTC,2026-04-20,73500.0,0.0,-48655377.16567631,0.0,120.3,76012.25
Deribit,BTC,2026-04-20,74000.0,0.0,-96796524.59999706,0.0,152.3,76012.25
Deribit,BTC,2026-04-20,74500.0,17934484.113794,-92260902.812198,19.4,99.8,76012.25
Deribit,BTC,2026-04-20,75000.0,134924636.92825952,-251649008.08382213,111.2,207.4,76012.25
Deribit,BTC,2026-04-20,75500.0,121190658.59756094,-196158419.99462187,83.9,135.8,76012.25
Deribit,BTC,2026-04-20,76000.0,267099011.4730892,-348636202.1347712,165.1,215.5,76012.25
Deribit,BTC,2026-04-20,76500.0,156533841.36949325,-72408168.46458325,104.2,48.2,76012.25
Deribit,BTC,2026-04-20,77000.0,48938492.411029376,-59615981.66434488,38.5,46.9,76012.25
Deribit,BTC,2026-04-20,77500.0,118359506.14403033,-35655187.32803569,120.5,36.3,76012.25
Deribit,BTC,2026-04-20,78000.0,120433758.65590274,0.0,173.7,0.0,76012.25
Deribit,BTC,2026-04-20,78500.0,35915191.12478851,0.0,77.7,0.0,76012.25
Deribit,BTC,2026-04-20,79000.0,21118086.158478435,0.0,73.1,0.0,76012.25
Deribit,BTC,2026-04-20,80000.0,71518377.69347364,0.0,412.6,0.0,76012.25
Deribit,BTC,2026-04-21,71000.0,0.0,-20002958.763516378,0.0,173.1,76012.25
Deribit,BTC,2026-04-21,72000.0,0.0,-32679588.320753504,0.0,141.4,76012.25
Deribit,BTC,2026-04-21,72500.0,0.0,-37579215.4240065,0.0,108.4,76012.25
Deribit,BTC,2026-04-21,73000.0,0.0,-28918200.061062813,0.0,71.5,76012.25
Deribit,BTC,2026-04-21,73500.0,0.0,-93133359.99685745,0.0,179.1,76012.25
Deribit,BTC,2026-04-21,74000.0,23833681.369007815,-60378659.468153134,37.5,95.0,76012.25
Deribit,BTC,2026-04-21,74500.0,0.0,-128534321.39029036,0.0,158.9,76012.25
Deribit,BTC,2026-04-21,75000.0,30853783.88133375,-105994881.14289655,35.6,122.3,76012.25
Deribit,BTC,2026-04-21,75500.0,35458740.01493357,-92232013.50144769,36.1,93.9,76012.25
Deribit,BTC,2026-04-21,76000.0,96357407.07659231,-76123333.82707344,98.1,77.5,76012.25
Deribit,BTC,2026-04-21,76500.0,77007346.73603301,-44789987.38728451,78.4,45.6,76012.25
Deribit,BTC,2026-04-21,77000.0,80335395.334469,-53618560.75258,86.9,58.0,76012.25
Deribit,BTC,2026-04-21,77500.0,48372261.920323245,-13185081.426442623,59.8,16.3,76012.25
Deribit,BTC,2026-04-21,78000.0,151218208.19143575,0.0,218.1,0.0,76012.25
Deribit,BTC,2026-04-21,78500.0,63383147.78618563,0.0,109.7,0.0,76012.25
Deribit,BTC,2026-04-21,79000.0,73355737.8571935,-22510550.936643504,158.7,48.7,76012.25
Deribit,BTC,2026-04-21,79500.0,22568329.558144122,0.0,65.1,0.0,76012.25
Deribit,BTC,2026-04-21,80000.0,67514319.22348031,0.0,233.7,0.0,76012.25
Deribit,BTC,2026-04-21,81000.0,30316442.701377936,0.0,174.9,0.0,76012.25
Deribit,BTC,2026-04-22,74000.0,0.0,-18026929.908195,0.0,31.2,76012.25
Deribit,BTC,2026-04-22,74500.0,0.0,-12618850.935736502,0.0,18.2,76012.25
Deribit,BTC,2026-04-22,75500.0,16149124.709424686,-12919299.767539749,21.5,17.2,76012.25
Deribit,BTC,2026-04-22,76000.0,13913092.057350498,-18523826.053100374,17.2,22.9,76012.25
Deribit,BTC,2026-04-22,77000.0,12468626.519834876,0.0,16.6,0.0,76012.25
Deribit,BTC,2026-04-23,75000.0,0.0,-16969581.13473356,0.0,26.7,76012.25
Deribit,BTC,2026-04-24,64000.0,13757089.779298814,-63608484.41003807,238.1,1100.9,76012.25
Deribit,BTC,2026-04-24,65000.0,0.0,-190386335.70670944,0.0,3295.1,76012.25
Deribit,BTC,2026-04-24,66000.0,67069423.8379255,-117076820.74671644,1160.8,2026.3,76012.25
Deribit,BTC,2026-04-24,67000.0,79272268.6988575,-137703788.6224396,1372.0,2383.3,76012.25
Deribit,BTC,2026-04-24,68000.0,243363553.76063251,-171544727.23535565,2106.0,1484.5,76012.25
Deribit,BTC,2026-04-24,69000.0,63198256.19738363,-124813378.16565013,546.9,1080.1,76012.25
Deribit,BTC,2026-04-24,70000.0,457173342.6236953,-519799590.46822274,2637.5,2998.8,76012.25
Deribit,BTC,2026-04-24,71000.0,253671259.836344,-237562580.16196978,1097.6,1027.9,76012.25
Deribit,BTC,2026-04-24,72000.0,1319883273.8359776,-673132496.2065815,3807.3,1941.7,76012.25
Deribit,BTC,2026-04-24,73000.0,483196833.7475768,-265723880.28137437,1194.7,657.0,76012.25
Deribit,BTC,2026-04-24,74000.0,736226750.8852639,-491667179.6595685,1415.8,945.5,76012.25
Deribit,BTC,2026-04-24,75000.0,3050306764.882496,-1371664474.4248376,5279.3,2374.0,76012.25
Deribit,BTC,2026-04-24,76000.0,1396047052.6981013,-231865608.08200815,2416.2,401.3,76012.25
Deribit,BTC,2026-04-24,77000.0,584199641.9928194,-104752640.78063312,1011.1,181.3,76012.25
Deribit,BTC,2026-04-24,78000.0,840696276.420544,-168846465.61127645,1616.7,324.7,76012.25
Deribit,BTC,2026-04-24,79000.0,329245696.7591615,-37764107.01280851,712.3,81.7,76012.25
Deribit,BTC,2026-04-24,80000.0,898954460.4796242,-257923766.37879,2593.1,744.0,76012.25
Deribit,BTC,2026-04-24,81000.0,480949245.3712025,0.0,1664.8,0.0,76012.25
Deribit,BTC,2026-04-24,82000.0,557817923.415634,-25584373.600476753,2413.6,110.7,76012.25
Deribit,BTC,2026-04-24,83000.0,256987752.71047986,0.0,1482.6,0.0,76012.25
Deribit,BTC,2026-04-24,84000.0,175265670.4599959,-58541299.304433264,1516.7,506.6,76012.25
Deribit,BTC,2026-04-24,85000.0,196568648.2072763,0.0,3402.1,0.0,76012.25
Deribit,BTC,2026-04-24,86000.0,118475063.38703157,-26560832.303837314,2050.5,459.7,76012.25
Deribit,BTC,2026-04-24,88000.0,68097883.30063662,-12919299.76753975,1178.6,223.6,76012.25
Deribit,BTC,2026-05-01,64000.0,0.0,-18177154.324096628,0.0,314.6,76012.25
Deribit,BTC,2026-05-01,65000.0,0.0,-12682407.41938719,0.0,219.5,76012.25
Deribit,BTC,2026-05-01,66000.0,0.0,-74777091.9461089,0.0,647.1,76012.25
Deribit,BTC,2026-05-01,68000.0,0.0,-74187750.0068025,0.0,428.0,76012.25
Deribit,BTC,2026-05-01,69000.0,0.0,-31183122.02388731,0.0,179.9,76012.25
Deribit,BTC,2026-05-01,70000.0,0.0,-244241788.807442,0.0,1056.8,76012.25
Deribit,BTC,2026-05-01,71000.0,0.0,-70305026.6419605,0.0,304.2,76012.25
Deribit,BTC,2026-05-01,72000.0,0.0,-234725649.84628907,0.0,812.5,76012.25
Deribit,BTC,2026-05-01,73000.0,32558253.21560219,-58645300.82313438,112.7,203.0,76012.25
Deribit,BTC,2026-05-01,74000.0,33419154.675961502,-112252305.85141425,96.4,323.8,76012.25
Deribit,BTC,2026-05-01,75000.0,255115725.3738596,-96201404.79854064,735.9,277.5,76012.25
Deribit,BTC,2026-05-01,76000.0,225966410.8267943,-22446994.45299281,558.7,55.5,76012.25
Deribit,BTC,2026-05-01,77000.0,175086556.73334393,-197452661.11623585,432.9,488.2,76012.25
Deribit,BTC,2026-05-01,78000.0,206916799.31803823,-148675948.84540823,511.6,367.6,76012.25
Deribit,BTC,2026-05-01,79000.0,33661824.88626412,0.0,97.1,0.0,76012.25
Deribit,BTC,2026-05-01,80000.0,482636381.1190208,0.0,1392.2,0.0,76012.25
Deribit,BTC,2026-05-01,81000.0,21233643.401479688,0.0,73.5,0.0,76012.25
Deribit,BTC,2026-05-01,82000.0,104278856.08432801,0.0,451.2,0.0,76012.25
Deribit,BTC,2026-05-01,85000.0,88089286.33985288,0.0,762.3,0.0,76012.25
Deribit,BTC,2026-05-01,90000.0,38867678.68347044,0.0,672.7,0.0,76012.25
Deribit,BTC,2026-05-08,65000.0,0.0,-14583324.066757752,0.0,126.2,76012.25
Deribit,BTC,2026-05-08,66000.0,0.0,-11497945.678624375,0.0,99.5,76012.25
Deribit,BTC,2026-05-08,70000.0,0.0,-10816157.944916999,0.0,62.4,76012.25
Deribit,BTC,2026-05-08,72000.0,0.0,-14583324.066757752,0.0,63.1,76012.25
Deribit,BTC,2026-05-08,73000.0,0.0,-14589101.928907814,0.0,50.5,76012.25
Deribit,BTC,2026-05-08,74000.0,0.0,-18402490.947949063,0.0,63.7,76012.25
Deribit,BTC,2026-05-08,76000.0,0.0,-17478033.003939066,0.0,60.5,76012.25
Deribit,BTC,2026-05-08,77000.0,23978127.922759376,0.0,83.0,0.0,76012.25
Deribit,BTC,2026-05-08,78000.0,32413806.661850628,-13202415.012892812,112.2,45.7,76012.25
Deribit,BTC,2026-05-08,79000.0,14964662.968661875,0.0,51.8,0.0,76012.25
Deribit,BTC,2026-05-08,80000.0,57403060.46087094,0.0,198.7,0.0,76012.25
Deribit,BTC,2026-05-08,81000.0,33049371.4983575,0.0,114.4,0.0,76012.25
Deribit,BTC,2026-05-08,82000.0,71807270.80097675,0.0,310.7,0.0,76012.25
Deribit,BTC,2026-05-08,84000.0,23348340.948402558,0.0,134.7,0.0,76012.25
Deribit,BTC,2026-05-08,85000.0,189248096.8631471,0.0,1091.8,0.0,76012.25
Deribit,BTC,2026-05-29,54000.0,0.0,-25018143.10977063,0.0,433.0,76012.25
Deribit,BTC,2026-05-29,56000.0,0.0,-29599987.79477019,0.0,512.3,76012.25
Deribit,BTC,2026-05-29,57000.0,0.0,-28785309.23161138,0.0,498.2,76012.25
Deribit,BTC,2026-05-29,58000.0,0.0,-16721133.062280875,0.0,289.4,76012.25
Deribit,BTC,2026-05-29,59000.0,0.0,-18327378.73999825,0.0,317.2,76012.25
Deribit,BTC,2026-05-29,60000.0,0.0,-45934004.09299688,0.0,795.0,76012.25
Deribit,BTC,2026-05-29,61000.0,0.0,-17223807.069336317,0.0,298.1,76012.25
Deribit,BTC,2026-05-29,62000.0,0.0,-18841608.471353814,0.0,326.1,76012.25
Deribit,BTC,2026-05-29,63000.0,0.0,-31154232.713137005,0.0,269.6,76012.25
Deribit,BTC,2026-05-29,64000.0,0.0,-33858272.19936626,0.0,293.0,76012.25
Deribit,BTC,2026-05-29,65000.0,0.0,-62886251.641280256,0.0,544.2,76012.25
Deribit,BTC,2026-05-29,66000.0,37405879.55950463,-60378659.468153134,323.7,522.5,76012.25
Deribit,BTC,2026-05-29,67000.0,22048321.9646385,-36204084.23229163,190.8,313.3,76012.25
Deribit,BTC,2026-05-29,68000.0,75008206.43211138,-71333486.10467163,649.1,617.3,76012.25
Deribit,BTC,2026-05-29,69000.0,90169316.71387538,-100153462.50918336,520.2,577.8,76012.25
Deribit,BTC,2026-05-29,70000.0,191726799.72552392,-265619878.7626733,1106.1,1532.4,76012.25
Deribit,BTC,2026-05-29,71000.0,79231823.66380706,-61395563.20656413,457.1,354.2,76012.25
Deribit,BTC,2026-05-29,72000.0,159018322.09402013,-178657275.54208258,917.4,1030.7,76012.25
Deribit,BTC,2026-05-29,73000.0,67496985.63703012,-34233833.23912032,389.4,197.5,76012.25
Deribit,BTC,2026-05-29,74000.0,245605364.27485678,-404542796.29877603,1062.7,1750.4,76012.25
Deribit,BTC,2026-05-29,75000.0,447853650.9756446,-119624857.95489402,1937.8,517.6,76012.25
Deribit,BTC,2026-05-29,76000.0,154939151.416076,-21539870.095433004,670.4,93.2,76012.25
Deribit,BTC,2026-05-29,77000.0,89995980.8493735,0.0,389.4,0.0,76012.25
Deribit,BTC,2026-05-29,78000.0,218264520.58076102,-39497465.65782726,944.4,170.9,76012.25
Deribit,BTC,2026-05-29,79000.0,64157381.314294,0.0,277.6,0.0,76012.25
Deribit,BTC,2026-05-29,80000.0,1526372511.354911,0.0,6604.4,0.0,76012.25
Deribit,BTC,2026-05-29,81000.0,211030637.16888276,0.0,913.1,0.0,76012.25
Deribit,BTC,2026-05-29,82000.0,1044776145.4229017,0.0,4520.6,0.0,76012.25
Deribit,BTC,2026-05-29,83000.0,82837209.64544606,0.0,477.9,0.0,76012.25
Deribit,BTC,2026-05-29,84000.0,366310682.4518125,0.0,2113.3,0.0,76012.25
Deribit,BTC,2026-05-29,85000.0,307619158.73147756,0.0,1774.7,0.0,76012.25
Deribit,BTC,2026-05-29,86000.0,119203074.01793946,0.0,687.7,0.0,76012.25
Deribit,BTC,2026-05-29,88000.0,66179633.06681589,0.0,572.7,0.0,76012.25
Deribit,BTC,2026-05-29,90000.0,83224326.40950026,0.0,720.2,0.0,76012.25
Deribit,BTC,2026-05-29,92000.0,72292611.22158201,0.0,625.6,0.0,76012.25
Deribit,BTC,2026-05-29,94000.0,58096403.91887844,0.0,1005.5,0.0,76012.25
Deribit,BTC,2026-05-29,95000.0,93144915.72115757,0.0,1612.1,0.0,76012.25
Deribit,BTC,2026-05-29,98000.0,78503813.0328992,0.0,1358.7,0.0,76012.25
Deribit,BTC,2026-05-29,100000.0,15051330.900912814,0.0,260.5,0.0,76012.25
Deribit,BTC,2026-06-26,55000.0,12740186.040887814,-75164208.71016307,220.5,1300.9,76012.25
Deribit,BTC,2026-06-26,58000.0,0.0,-30749782.362632632,0.0,532.2,76012.25
Deribit,BTC,2026-06-26,60000.0,29669322.140570942,-276499593.19124097,513.5,4785.5,76012.25
Deribit,BTC,2026-06-26,62000.0,0.0,-50758518.98829907,0.0,878.5,76012.25
Deribit,BTC,2026-06-26,64000.0,0.0,-43530413.43857088,0.0,376.7,76012.25
Deribit,BTC,2026-06-26,65000.0,107502903.16406289,-182707556.90927637,930.3,1581.1,76012.25
Deribit,BTC,2026-06-26,66000.0,47910032.94831826,-99390784.70537513,414.6,860.1,76012.25
Deribit,BTC,2026-06-26,68000.0,146376359.7096834,-268566588.45920515,1266.7,2324.1,76012.25
Deribit,BTC,2026-06-26,70000.0,410031765.3413355,-442006454.4797813,3548.3,3825.0,76012.25
Deribit,BTC,2026-06-26,72000.0,443982483.3351027,-295606983.3214977,2561.4,1705.4,76012.25
Deribit,BTC,2026-06-26,74000.0,140627386.8703712,-62036905.90522106,811.3,357.9,76012.25
Deribit,BTC,2026-06-26,75000.0,282970798.799311,-384840286.36706287,1632.5,2220.2,76012.25
Deribit,BTC,2026-06-26,76000.0,106549555.90930258,-11648170.094526,614.7,67.2,76012.25
Deribit,BTC,2026-06-26,78000.0,112841647.79072064,-14854883.587810688,651.0,85.7,76012.25
Deribit,BTC,2026-06-26,80000.0,600626104.0854471,-437153050.2737288,3465.1,2522.0,76012.25
Deribit,BTC,2026-06-26,82000.0,119445744.22824207,0.0,689.1,0.0,76012.25
Deribit,BTC,2026-06-26,84000.0,88661294.69270907,0.0,511.5,0.0,76012.25
Deribit,BTC,2026-06-26,85000.0,380749559.9648186,-497924604.36808616,2196.6,2872.6,76012.25
Deribit,BTC,2026-06-26,86000.0,66439636.86356869,0.0,383.3,0.0,76012.25
Deribit,BTC,2026-06-26,88000.0,142274077.58313903,0.0,1231.2,0.0,76012.25
Deribit,BTC,2026-06-26,90000.0,621836636.0383266,-195904194.0600191,5381.2,1695.3,76012.25
Deribit,BTC,2026-06-26,95000.0,174942110.1795924,-56415046.03321025,3027.8,976.4,76012.25
Deribit,BTC,2026-06-26,100000.0,157654746.6266054,-57437727.633771315,2728.6,994.1,76012.25
Deribit,BTC,2026-06-26,105000.0,78763816.82965201,-17298919.277287126,1363.2,299.4,76012.25
Deribit,BTC,2026-09-25,50000.0,0.0,-186740504.69002,0.0,3232.0,76012.25
Deribit,BTC,2026-09-25,55000.0,0.0,-83663443.932905,0.0,1448.0,76012.25
Deribit,BTC,2026-09-25,58000.0,0.0,-31443125.820640128,0.0,544.2,76012.25
Deribit,BTC,2026-09-25,60000.0,13456640.947495565,-204911881.15196657,232.9,3546.5,76012.25
Deribit,BTC,2026-09-25,62000.0,0.0,-40317922.08313613,0.0,697.8,76012.25
Deribit,BTC,2026-09-25,64000.0,0.0,-12110399.066531,0.0,209.6,76012.25
Deribit,BTC,2026-09-25,65000.0,13312194.393744001,-26508831.54448675,230.4,458.8,76012.25
Deribit,BTC,2026-09-25,68000.0,22285214.312791064,-22134989.89688944,385.7,383.1,76012.25
Deribit,BTC,2026-09-25,70000.0,158660094.64071625,-175831900.950702,1373.0,1521.6,76012.25
Deribit,BTC,2026-09-25,72000.0,181748431.79236603,-30772893.81123288,1572.8,266.3,76012.25
Deribit,BTC,2026-09-25,74000.0,10839269.39351725,0.0,93.8,0.0,76012.25
Deribit,BTC,2026-09-25,75000.0,162981935.52896303,-348809537.9992732,1410.4,3018.5,76012.25
Deribit,BTC,2026-09-25,76000.0,78902485.5212535,0.0,682.8,0.0,76012.25
Deribit,BTC,2026-09-25,78000.0,191004566.95676616,0.0,1652.9,0.0,76012.25
Deribit,BTC,2026-09-25,80000.0,150363084.59322652,-69380568.69795051,1301.2,600.4,76012.25
Deribit,BTC,2026-09-25,82000.0,115175904.0993459,-19182502.338207502,996.7,166.0,76012.25
Deribit,BTC,2026-09-25,84000.0,18258044.3941975,0.0,158.0,0.0,76012.25
Deribit,BTC,2026-09-25,85000.0,69022341.24464662,-57639952.8090235,597.3,498.8,76012.25
Deribit,BTC,2026-09-25,86000.0,52948328.74317275,0.0,458.2,0.0,76012.25
Deribit,BTC,2026-09-25,88000.0,34909843.11067763,0.0,302.1,0.0,76012.25
Deribit,BTC,2026-09-25,90000.0,204802101.7711154,-69449903.04375125,1772.3,601.0,76012.25
Deribit,BTC,2026-09-25,92000.0,33153373.017058626,0.0,286.9,0.0,76012.25
Deribit,BTC,2026-09-25,95000.0,54335015.65918776,-18593160.398901127,470.2,160.9,76012.25
Deribit,BTC,2026-09-25,100000.0,208263041.1990028,-15686895.73741969,3604.5,271.5,76012.25
Deribit,BTC,2026-09-25,105000.0,56871497.14306519,0.0,984.3,0.0,76012.25
Deribit,BTC,2026-09-25,110000.0,96126292.59058982,0.0,1663.7,0.0,76012.25
Deribit,BTC,2026-09-25,115000.0,116423922.32375938,0.0,2015.0,0.0,76012.25
Deribit,BTC,2026-09-25,120000.0,52705658.532870136,0.0,912.2,0.0,76012.25
Deribit,BTC,2026-09-25,125000.0,125038714.78950256,0.0,2164.1,0.0,76012.25
Deribit,BTC,2026-12-25,50000.0,0.0,-78619370.27590044,0.0,1360.7,76012.25
Deribit,BTC,2026-12-25,54000.0,0.0,-87326608.53604464,0.0,1511.4,76012.25
Deribit,BTC,2026-12-25,55000.0,0.0,-58211961.16187969,0.0,1007.5,76012.25
Deribit,BTC,2026-12-25,60000.0,0.0,-364715992.49839526,0.0,6312.3,76012.25
Deribit,BTC,2026-12-25,62000.0,0.0,-33199595.914259132,0.0,574.6,76012.25
Deribit,BTC,2026-12-25,65000.0,14820216.414910313,-22967002.04649844,256.5,397.5,76012.25
Deribit,BTC,2026-12-25,68000.0,10689044.977615625,-13941981.368100815,185.0,241.3,76012.25
Deribit,BTC,2026-12-25,70000.0,86396372.72988456,-65821405.61351201,1495.3,1139.2,76012.25
Deribit,BTC,2026-12-25,72000.0,60049321.325599566,-11821505.959027875,1039.3,204.6,76012.25
Deribit,BTC,2026-12-25,75000.0,29033757.30406407,-42149504.38470594,502.5,729.5,76012.25
Deribit,BTC,2026-12-25,80000.0,212486658.4306985,-42958405.08571469,3677.6,743.5,76012.25
Deribit,BTC,2026-12-25,85000.0,75048651.46716182,-29519097.72466931,1298.9,510.9,76012.25
Deribit,BTC,2026-12-25,88000.0,89400861.04791707,0.0,1547.3,0.0,76012.25
Deribit,BTC,2026-12-25,90000.0,132711715.72478558,-34499614.89802319,2296.9,597.1,76012.25
Deribit,BTC,2026-12-25,95000.0,53104331.02122445,0.0,919.1,0.0,76012.25
Deribit,BTC,2026-12-25,100000.0,140633164.73252127,-14889550.760711065,2434.0,257.7,76012.25
Deribit,BTC,2026-12-25,105000.0,43628637.09512194,0.0,755.1,0.0,76012.25
Deribit,BTC,2026-12-25,110000.0,111558962.39340676,0.0,1930.8,0.0,76012.25
Deribit,BTC,2026-12-25,115000.0,153627576.70801184,0.0,2658.9,0.0,76012.25
Deribit,BTC,2026-12-25,120000.0,380530001.20311624,0.0,6586.0,0.0,76012.25
Deribit,BTC,2026-12-25,125000.0,28230634.46520538,0.0,488.6,0.0,76012.25
Deribit,BTC,2026-12-25,130000.0,91411557.07613882,0.0,1582.1,0.0,76012.25
Deribit,BTC,2026-12-25,135000.0,39162349.653123625,0.0,677.8,0.0,76012.25
Deribit,BTC,2026-12-25,140000.0,60066654.912049755,0.0,1039.6,0.0,76012.25
Deribit,BTC,2027-03-26,50000.0,0.0,-73621519.51609638,0.0,1274.2,76012.25
Deribit,BTC,2027-03-26,55000.0,0.0,-36348530.78604319,0.0,629.1,76012.25
Deribit,BTC,2027-03-26,70000.0,51752311.27810982,0.0,895.7,0.0,76012.25
Deribit,BTC,2027-03-26,80000.0,16888691.064632688,0.0,292.3,0.0,76012.25
Deribit,BTC,2027-03-26,115000.0,22718553.974045753,0.0,393.2,0.0,76012.25
Deribit,BTC,2027-03-26,130000.0,33349820.330160756,0.0,577.2,0.0,76012.25
Deribit,ETH,2026-04-20,2225.0,0.0,-10786124.463516003,0.0,1231.0,2340.15
Deribit,ETH,2026-04-20,2275.0,0.0,-32701408.949237403,0.0,1668.0,2340.15
Deribit,ETH,2026-04-20,2300.0,0.0,-205143807.1274163,0.0,7788.0,2340.15
Deribit,ETH,2026-04-20,2325.0,56722222.03656961,-102397538.10731177,1792.0,3235.0,2340.15
Deribit,ETH,2026-04-20,2350.0,46559519.795295015,-47380965.09867001,1417.0,1442.0,2340.15
Deribit,ETH,2026-04-20,2375.0,111073424.34947762,-30936944.437587906,3856.0,1074.0,2340.15
Deribit,ETH,2026-04-20,2400.0,41111694.54331201,-20606229.250263,1840.0,920.0,2340.15
Deribit,ETH,2026-04-20,2425.0,15706581.83073225,0.0,989.0,0.0,2340.15
Deribit,ETH,2026-04-20,2450.0,18794559.015179556,0.0,1699.0,0.0,2340.15
Deribit,ETH,2026-04-20,2500.0,17375211.056988005,0.0,3305.0,0.0,2340.15
Deribit,ETH,2026-04-21,2200.0,0.0,-10263575.724529052,0.0,1217.0,2340.15
Deribit,ETH,2026-04-21,2225.0,0.0,-16383890.864875052,0.0,1511.0,2340.15
Deribit,ETH,2026-04-21,2275.0,0.0,-13675640.462667903,0.0,838.0,2340.15
Deribit,ETH,2026-04-21,2325.0,0.0,-17911888.655193,0.0,884.0,2340.15
Deribit,ETH,2026-04-21,2350.0,0.0,-11478986.195402702,0.0,556.0,2340.15
Deribit,ETH,2026-04-21,2375.0,14452015.800397726,-73714968.16030622,727.0,3698.0,2340.15
Deribit,ETH,2026-04-21,2400.0,22147479.691475406,-15645137.722039802,1233.0,871.0,2340.15
Deribit,ETH,2026-04-21,2450.0,10782017.236999126,0.0,845.0,0.0,2340.15
Deribit,ETH,2026-04-22,2275.0,0.0,-14297474.557322778,0.0,1057.0,2340.15
Deribit,ETH,2026-04-22,2300.0,0.0,-45097347.15528751,0.0,3050.0,2340.15
Deribit,ETH,2026-04-24,1800.0,0.0,-10904193.535121102,0.0,16593.0,2340.15
Deribit,ETH,2026-04-24,1950.0,0.0,-13167658.687060805,0.0,7514.0,2340.15
Deribit,ETH,2026-04-24,2000.0,41393450.28236963,-31139348.560339503,16797.0,12636.0,2340.15
Deribit,ETH,2026-04-24,2050.0,73538247.89404014,-64091955.48334898,21315.0,18577.0,2340.15
Deribit,ETH,2026-04-24,2100.0,49687747.79960769,-68378421.36542042,10429.0,14352.0,2340.15
Deribit,ETH,2026-04-24,2150.0,38712745.679335654,-57908936.68484536,6042.0,9038.0,2340.15
Deribit,ETH,2026-04-24,2200.0,114024822.56148377,-134856675.45507377,13881.0,16417.0,2340.15
Deribit,ETH,2026-04-24,2250.0,74811488.11427139,-109746899.71056744,7465.0,10951.0,2340.15
Deribit,ETH,2026-04-24,2300.0,432368502.1137144,-101308958.7912792,37958.0,8894.0,2340.15
Deribit,ETH,2026-04-24,2350.0,139081642.46543252,-51490053.558232665,11650.0,4313.0,2340.15
Deribit,ETH,2026-04-24,2400.0,235178914.14793894,-29140498.322127007,20257.0,2510.0,2340.15
Deribit,ETH,2026-04-24,2450.0,109349977.33997664,0.0,10565.0,0.0,2340.15
Deribit,ETH,2026-04-24,2500.0,252135516.67832705,-14345939.830221903,29140.0,1658.0,2340.15
Deribit,ETH,2026-04-24,2550.0,44166375.81146251,0.0,6452.0,0.0,2340.15
Deribit,ETH,2026-04-24,2600.0,153650248.7358893,0.0,29534.0,0.0,2340.15
Deribit,ETH,2026-04-24,2700.0,66547145.96909641,0.0,22928.0,0.0,2340.15
Deribit,ETH,2026-04-24,2800.0,15098164.6760325,0.0,9190.0,0.0,2340.15
Deribit,ETH,2026-05-01,2000.0,0.0,-10859452.147597278,0.0,3361.0,2340.15
Deribit,ETH,2026-05-01,2100.0,0.0,-21859645.257172804,0.0,4536.0,2340.15
Deribit,ETH,2026-05-01,2150.0,0.0,-17911888.655193,0.0,3145.0,2340.15
Deribit,ETH,2026-05-01,2200.0,0.0,-10544181.440161953,0.0,1618.0,2340.15
Deribit,ETH,2026-05-01,2300.0,12949099.473342827,-18632186.660212427,1677.0,2413.0,2340.15
Deribit,ETH,2026-05-01,2350.0,26283511.556988753,-16413298.606735878,3310.0,2067.0,2340.15
Deribit,ETH,2026-05-01,2400.0,21709704.10779675,-12943239.83017875,2734.0,1630.0,2340.15
Deribit,ETH,2026-05-01,2450.0,12711373.202546101,0.0,1682.0,0.0,2340.15
Deribit,ETH,2026-05-01,2500.0,34424965.48477883,0.0,4873.0,0.0,2340.15
Deribit,ETH,2026-05-01,2550.0,22310016.335503206,0.0,3512.0,0.0,2340.15
Deribit,ETH,2026-05-01,2600.0,79017123.77849072,0.0,14146.0,0.0,2340.15
Deribit,ETH,2026-05-01,2700.0,13217054.931303753,0.0,3218.0,0.0,2340.15
Deribit,ETH,2026-05-01,2800.0,12293421.832188902,0.0,4317.0,0.0,2340.15
Deribit,ETH,2026-05-08,2600.0,13339176.466405502,0.0,2564.0,0.0,2340.15
Deribit,ETH,2026-05-29,1700.0,0.0,-24730979.933610003,0.0,18064.0,2340.15
Deribit,ETH,2026-05-29,1800.0,0.0,-28266151.94121466,0.0,15181.0,2340.15
Deribit,ETH,2026-05-29,1900.0,0.0,-15295968.705085203,0.0,6348.0,2340.15
Deribit,ETH,2026-05-29,1950.0,0.0,-10135156.442101426,0.0,3777.0,2340.15
Deribit,ETH,2026-05-29,2000.0,20212483.134845253,-27847981.518776555,6835.0,9417.0,2340.15
Deribit,ETH,2026-05-29,2050.0,19092086.50406198,0.0,5909.0,0.0,2340.15
Deribit,ETH,2026-05-29,2100.0,32819258.968761604,-15435285.828537604,9364.0,4404.0,2340.15
Deribit,ETH,2026-05-29,2150.0,50263580.95727355,-30516364.4422599,13302.0,8076.0,2340.15
Deribit,ETH,2026-05-29,2200.0,48651905.27205181,-30013639.916594405,12339.0,7612.0,2340.15
Deribit,ETH,2026-05-29,2250.0,28155859.218481503,-11020948.294240803,6765.0,2648.0,2340.15
Deribit,ETH,2026-05-29,2300.0,43078234.599591754,-11558721.152850302,10085.0,2706.0,2340.15
Deribit,ETH,2026-05-29,2350.0,33939929.41464601,0.0,7747.0,0.0,2340.15
Deribit,ETH,2026-05-29,2400.0,51604289.218422,-17366448.973752003,11779.0,3964.0,2340.15
Deribit,ETH,2026-05-29,2450.0,35687965.020228006,0.0,8146.0,0.0,2340.15
Deribit,ETH,2026-05-29,2500.0,102930820.39826283,0.0,23792.0,0.0,2340.15
Deribit,ETH,2026-05-29,2550.0,22690345.510965828,0.0,5381.0,0.0,2340.15
Deribit,ETH,2026-05-29,2600.0,106241628.31200564,0.0,25867.0,0.0,2340.15
Deribit,ETH,2026-05-29,2650.0,13709593.535207404,0.0,3477.0,0.0,2340.15
Deribit,ETH,2026-05-29,2700.0,61115859.14922136,0.0,16174.0,0.0,2340.15
Deribit,ETH,2026-05-29,2800.0,56037629.52073688,0.0,16775.0,0.0,2340.15
Deribit,ETH,2026-05-29,2900.0,16808742.375780605,0.0,5684.0,0.0,2340.15
Deribit,ETH,2026-05-29,3000.0,60896697.542280905,0.0,24174.0,0.0,2340.15
Deribit,ETH,2026-05-29,3200.0,90952176.40632723,0.0,51901.0,0.0,2340.15
Deribit,ETH,2026-06-26,1500.0,0.0,-12634047.817988403,0.0,14419.0,2340.15
Deribit,ETH,2026-06-26,1900.0,0.0,-10900031.545584003,0.0,4976.0,2340.15
Deribit,ETH,2026-06-26,2000.0,141281144.40974945,-49487698.486725755,56084.0,19645.0,2340.15
Deribit,ETH,2026-06-26,2200.0,17967965.9879034,-37745302.164040804,5859.0,12308.0,2340.15
Deribit,ETH,2026-06-26,2300.0,22060735.067439,-12807975.170223001,6714.0,3898.0,2340.15
Deribit,ETH,2026-06-26,2400.0,32884317.436788905,-14474578.164730426,9844.0,4333.0,2340.15
Deribit,ETH,2026-06-26,2500.0,227751624.7669031,-16866407.836077526,68178.0,5049.0,2340.15
Deribit,ETH,2026-06-26,2600.0,47417108.69201851,-61217389.78871851,14431.0,18631.0,2340.15
Deribit,ETH,2026-06-26,2700.0,18403222.472651705,0.0,5794.0,0.0,2340.15
Deribit,ETH,2026-06-26,2800.0,49269960.71831116,-17817148.630203754,16661.0,6025.0,2340.15
Deribit,ETH,2026-06-26,2900.0,38114897.78753933,0.0,13647.0,0.0,2340.15
Deribit,ETH,2026-06-26,3000.0,24886178.332927655,-33541802.257610258,9879.0,13315.0,2340.15
Deribit,ETH,2026-06-26,3200.0,27822900.05551351,0.0,13370.0,0.0,2340.15
Deribit,ETH,2026-06-26,3400.0,11531449.16877825,0.0,7019.0,0.0,2340.15
Deribit,ETH,2026-06-26,3500.0,15063992.551412104,0.0,10188.0,0.0,2340.15
Deribit,ETH,2026-09-25,2000.0,0.0,-22928619.411964808,0.0,13084.0,2340.15
Deribit,ETH,2026-09-25,2200.0,0.0,-10248680.18302785,0.0,5058.0,2340.15
Deribit,ETH,2026-09-25,2600.0,0.0,-18398184.274791006,0.0,8399.0,2340.15
Deribit,ETH,2026-09-25,3000.0,27718850.317086007,-13330852.487331303,13320.0,6406.0,2340.15
Deribit,ETH,2026-09-25,3200.0,11835657.746128127,0.0,6175.0,0.0,2340.15
Deribit,ETH,2026-09-25,3300.0,34062379.527869105,0.0,18294.0,0.0,2340.15
Deribit,ETH,2026-09-25,3400.0,11411737.206566405,0.0,6512.0,0.0,2340.15
Deribit,ETH,2026-09-25,3500.0,20646863.411269955,0.0,12162.0,0.0,2340.15
Deribit,ETH,2026-09-25,4000.0,14924018.271717003,0.0,11355.0,0.0,2340.15
Deribit,ETH,2026-12-25,1700.0,0.0,-17357686.890516,0.0,15848.0,2340.15
Deribit,ETH,2026-12-25,2200.0,77901053.4263052,0.0,50804.0,0.0,2340.15
Deribit,ETH,2026-12-25,2500.0,34218125.557389,0.0,20828.0,0.0,2340.15
Deribit,ETH,2026-12-25,3200.0,110168958.30744152,0.0,67058.0,0.0,2340.15
Deribit,ETH,2026-12-25,3500.0,36399008.07482941,0.0,23738.0,0.0,2340.15
OKX,BTC,2026-04-20,72000.0,0.0,-11367854.278475856,0.0,8862.0,75983.0
OKX,BTC,2026-04-20,72500.0,0.0,-11282937.731762832,0.0,5929.0,75983.0
OKX,BTC,2026-04-20,73000.0,0.0,-19974119.376959123,0.0,6976.0,75983.0
OKX,BTC,2026-04-20,73500.0,0.0,-25343651.058750555,0.0,5854.0,75983.0
OKX,BTC,2026-04-20,74000.0,0.0,-43822696.811672404,0.0,6773.0,75983.0
OKX,BTC,2026-04-20,74500.0,0.0,-79497606.64612007,0.0,8522.0,75983.0
OKX,BTC,2026-04-20,75000.0,18780572.80204751,-79402046.40436707,1492.0,6308.0,75983.0
OKX,BTC,2026-04-20,75250.0,0.0,-19570774.374126446,0.0,1386.0,75983.0
OKX,BTC,2026-04-20,75500.0,34676637.04944444,-31058071.460359424,2252.0,2017.0,75983.0
OKX,BTC,2026-04-20,75750.0,40583354.6694145,-19266516.41082067,2494.0,1184.0,75983.0
OKX,BTC,2026-04-20,76000.0,57439130.55879566,-19966540.029265873,3455.0,1201.0,75983.0
OKX,BTC,2026-04-20,76250.0,81105124.37559016,0.0,4954.0,0.0,75983.0
OKX,BTC,2026-04-20,76500.0,53832031.28157398,-14051914.712957729,3467.0,905.0,75983.0
OKX,BTC,2026-04-20,76750.0,53163246.216088794,0.0,3739.0,0.0,75983.0
OKX,BTC,2026-04-20,77000.0,75139035.94125697,0.0,5951.0,0.0,75983.0
OKX,BTC,2026-04-20,77500.0,33049322.64964789,0.0,3562.0,0.0,75983.0
OKX,BTC,2026-04-20,78000.0,43315286.62986794,0.0,6740.0,0.0,75983.0
OKX,BTC,2026-04-20,78500.0,18442588.137145925,0.0,4262.0,0.0,75983.0
OKX,BTC,2026-04-20,79000.0,15046526.502573863,0.0,5231.0,0.0,75983.0
OKX,BTC,2026-04-21,72000.0,0.0,-15173828.852915544,0.0,6722.0,75983.0
OKX,BTC,2026-04-21,73000.0,0.0,-15127552.333037507,0.0,3565.0,75983.0
OKX,BTC,2026-04-21,73500.0,0.0,-26078921.845563415,0.0,4771.0,75983.0
OKX,BTC,2026-04-21,74000.0,0.0,-16158263.296031553,0.0,2392.0,75983.0
OKX,BTC,2026-04-21,74500.0,0.0,-16570086.941677615,0.0,2071.0,75983.0
OKX,BTC,2026-04-21,75000.0,0.0,-19122203.654699948,0.0,2109.0,75983.0
OKX,BTC,2026-04-21,75500.0,0.0,-17147199.021748707,0.0,1748.0,75983.0
OKX,BTC,2026-04-21,76000.0,18454349.965009302,-10010852.857731076,1825.0,990.0,75983.0
OKX,BTC,2026-04-21,76500.0,26236363.565861963,0.0,2647.0,0.0,75983.0
OKX,BTC,2026-04-21,77000.0,17119019.304762054,-11107972.073154667,1854.0,1203.0,75983.0
OKX,BTC,2026-04-21,77500.0,10614452.750568766,0.0,1296.0,0.0,75983.0
OKX,BTC,2026-04-21,78000.0,32078005.83127271,0.0,4622.0,0.0,75983.0
OKX,BTC,2026-04-21,78500.0,20749473.576227184,0.0,3676.0,0.0,75983.0
OKX,BTC,2026-04-21,79000.0,16163269.168261508,0.0,3648.0,0.0,75983.0
OKX,BTC,2026-04-22,79000.0,11698939.254710909,0.0,2445.0,0.0,75983.0
OKX,BTC,2026-04-22,80000.0,14396431.726122024,0.0,4439.0,0.0,75983.0
OKX,BTC,2026-04-24,68000.0,0.0,-29090134.495406907,0.0,32841.0,75983.0
OKX,BTC,2026-04-24,69000.0,0.0,-15419584.939920545,0.0,11885.0,75983.0
OKX,BTC,2026-04-24,70000.0,34934124.10873519,-56649034.05979509,18948.0,30726.0,75983.0
OKX,BTC,2026-04-24,71000.0,12639593.306058092,-19950334.07428209,5000.0,7892.0,75983.0
OKX,BTC,2026-04-24,72000.0,48417546.937403545,-50735178.29619555,14561.0,15258.0,75983.0
OKX,BTC,2026-04-24,73000.0,16558145.454804212,-54296866.48885785,3969.0,13015.0,75983.0
OKX,BTC,2026-04-24,74000.0,79479898.74154334,-33337967.39643098,16009.0,6715.0,75983.0
OKX,BTC,2026-04-24,75000.0,121676578.03642127,-96807192.2295636,21826.0,17365.0,75983.0
OKX,BTC,2026-04-24,76000.0,80170648.37926273,-27638766.35603653,13636.0,4701.0,75983.0
OKX,BTC,2026-04-24,76500.0,11362787.4111793,0.0,1930.0,0.0,75983.0
OKX,BTC,2026-04-24,77000.0,39177623.57732077,-18289066.481565878,6767.0,3159.0,75983.0
OKX,BTC,2026-04-24,78000.0,99485132.26268205,-14690218.901200987,18759.0,2770.0,75983.0
OKX,BTC,2026-04-24,79000.0,25958309.79096334,0.0,5723.0,0.0,75983.0
OKX,BTC,2026-04-24,80000.0,119107970.66949742,-28870565.711772047,32621.0,7907.0,75983.0
OKX,BTC,2026-04-24,82000.0,41767447.33037914,0.0,20203.0,0.0,75983.0
OKX,BTC,2026-04-24,84000.0,11605857.604977893,0.0,10872.0,0.0,75983.0
OKX,BTC,2026-05-01,73000.0,12203193.365952717,-20751446.388196785,3853.0,6552.0,75983.0
OKX,BTC,2026-05-01,74000.0,0.0,-17375890.51533611,0.0,5028.0,75983.0
OKX,BTC,2026-05-01,75000.0,16423276.880848886,-38117314.06949149,4462.0,10356.0,75983.0
OKX,BTC,2026-05-01,76000.0,20983713.526257396,-23523606.044452,5494.0,6159.0,75983.0
OKX,BTC,2026-05-01,77000.0,12311965.460492052,-47529733.996104814,3196.0,12338.0,75983.0
OKX,BTC,2026-05-01,78000.0,21299791.865639314,-27947737.51424292,5655.0,7420.0,75983.0
OKX,BTC,2026-05-01,79000.0,21344361.629549958,0.0,5987.0,0.0,75983.0
OKX,BTC,2026-05-01,80000.0,36010383.93135796,0.0,11030.0,0.0,75983.0
OKX,BTC,2026-05-01,82000.0,27854212.181971446,0.0,11223.0,0.0,75983.0
OKX,BTC,2026-05-01,84000.0,20894335.4871677,0.0,12539.0,0.0,75983.0
OKX,BTC,2026-05-08,75000.0,0.0,-24325590.98634021,0.0,8002.0,75983.0
OKX,BTC,2026-05-08,83000.0,24387588.48544901,0.0,11238.0,0.0,75983.0
OKX,BTC,2026-05-29,50000.0,0.0,-20138788.609913297,0.0,109513.0,75983.0
OKX,BTC,2026-05-29,60000.0,0.0,-12551313.300866066,0.0,20310.0,75983.0
OKX,BTC,2026-05-29,66000.0,0.0,-17913492.019047737,0.0,14993.0,75983.0
OKX,BTC,2026-05-29,68000.0,0.0,-13208899.561457759,0.0,9202.0,75983.0
OKX,BTC,2026-05-29,70000.0,10941451.252657006,-19587481.409184158,6516.0,11665.0,75983.0
OKX,BTC,2026-05-29,72000.0,20012050.764346406,0.0,10513.0,0.0,75983.0
OKX,BTC,2026-05-29,74000.0,18279465.983600266,0.0,8776.0,0.0,75983.0
OKX,BTC,2026-05-29,76000.0,19005904.74829316,-10291483.563645875,8665.0,4692.0,75983.0
OKX,BTC,2026-05-29,78000.0,21026761.41787342,0.0,9473.0,0.0,75983.0
OKX,BTC,2026-05-29,80000.0,19029026.682765264,0.0,8813.0,0.0,75983.0
OKX,BTC,2026-05-29,82000.0,19867855.123888317,0.0,9837.0,0.0,75983.0
OKX,BTC,2026-05-29,85000.0,24157491.81782903,0.0,14195.0,0.0,75983.0
OKX,BTC,2026-05-29,90000.0,13912824.862840515,0.0,12924.0,0.0,75983.0
OKX,BTC,2026-06-26,55000.0,0.0,-12156075.12223536,0.0,28954.0,75983.0
OKX,BTC,2026-06-26,60000.0,0.0,-15585450.207496194,0.0,23176.0,75983.0
OKX,BTC,2026-06-26,62000.0,0.0,-12426695.112049203,0.0,15532.0,75983.0
OKX,BTC,2026-06-26,65000.0,0.0,-18025521.51217145,0.0,17785.0,75983.0
OKX,BTC,2026-06-26,70000.0,43296142.91674391,-36233436.33003204,31393.0,26272.0,75983.0
OKX,BTC,2026-06-26,72000.0,0.0,-11983795.64175794,0.0,7968.0,75983.0
OKX,BTC,2026-06-26,75000.0,28194903.521783423,-23875007.558305148,17198.0,14563.0,75983.0
OKX,BTC,2026-06-26,78000.0,10607909.73088379,0.0,6265.0,0.0,75983.0
OKX,BTC,2026-06-26,80000.0,61593914.82844639,-51899525.843002476,36641.0,30874.0,75983.0
OKX,BTC,2026-06-26,85000.0,47892931.61249795,0.0,31848.0,0.0,75983.0
OKX,BTC,2026-06-26,90000.0,17819689.165686607,-12479151.589147385,14935.0,10459.0,75983.0
OKX,BTC,2026-06-26,95000.0,11458990.55714507,0.0,13367.0,0.0,75983.0
OKX,BTC,2026-09-25,50000.0,0.0,-12922608.833008215,0.0,39387.0,75983.0
OKX,BTC,2026-09-25,55000.0,0.0,-15055079.447281843,0.0,32632.0,75983.0
OKX,BTC,2026-09-25,60000.0,0.0,-13319945.361013899,0.0,21620.0,75983.0
OKX,BTC,2026-09-25,65000.0,0.0,-11255328.958842173,0.0,14507.0,75983.0
OKX,BTC,2026-09-25,70000.0,0.0,-121617369.35429496,0.0,132490.0,75983.0
OKX,BTC,2026-09-25,90000.0,11436539.163326612,0.0,11514.0,0.0,75983.0
OKX,BTC,2026-09-25,100000.0,15736107.292947235,0.0,20138.0,0.0,75983.0
OKX,BTC,2026-12-25,85000.0,14265530.287609346,0.0,17583.0,0.0,75983.0
OKX,BTC,2027-03-26,100000.0,81137847.46674947,0.0,123742.0,0.0,75983.0
OKX,ETH,2026-04-20,2250.0,0.0,-22487006.43697654,0.0,16595.0,2339.21
OKX,ETH,2026-04-20,2275.0,0.0,-21029262.472879797,0.0,10574.0,2339.21
OKX,ETH,2026-04-20,2300.0,0.0,-29465682.940069478,0.0,10922.0,2339.21
OKX,ETH,2026-04-20,2325.0,20527052.29109657,-20527052.29109657,6333.0,6333.0,2339.21
OKX,ETH,2026-04-20,2340.0,12838405.32773342,0.0,3813.0,0.0,2339.21
OKX,ETH,2026-04-20,2350.0,13083281.522878328,0.0,3918.0,0.0,2339.21
OKX,ETH,2026-04-20,2360.0,28788045.1362833,0.0,8942.0,0.0,2339.21
OKX,ETH,2026-04-20,2375.0,18642138.43358644,0.0,6422.0,0.0,2339.21
OKX,ETH,2026-04-20,2390.0,11580138.172708523,0.0,4644.0,0.0,2339.21
OKX,ETH,2026-04-20,2400.0,17337518.899012685,0.0,7853.0,0.0,2339.21
OKX,ETH,2026-04-20,2410.0,13480602.819057701,0.0,6979.0,0.0,2339.21
OKX,ETH,2026-04-20,2450.0,10017670.814667705,0.0,9432.0,0.0,2339.21
OKX,ETH,2026-04-21,2325.0,0.0,-13700120.728432784,0.0,6656.0,2339.21
OKX,ETH,2026-04-21,2375.0,0.0,-13184147.044315895,0.0,6567.0,2339.21
OKX,ETH,2026-04-21,2400.0,11508742.4576829,-13534396.469965328,6386.0,7510.0,2339.21
OKX,ETH,2026-04-21,2425.0,12526338.231396204,0.0,8169.0,0.0,2339.21
OKX,ETH,2026-04-24,2050.0,17253212.652613778,0.0,50000.0,0.0,2339.21
OKX,ETH,2026-04-24,2100.0,0.0,-13983307.455976307,0.0,29303.0,2339.21
OKX,ETH,2026-04-24,2150.0,0.0,-12770246.556774283,0.0,19925.0,2339.21
OKX,ETH,2026-04-24,2200.0,16488019.049125161,-17890780.40938874,19970.0,21669.0,2339.21
OKX,ETH,2026-04-24,2250.0,0.0,-10348299.757152278,0.0,10272.0,2339.21
OKX,ETH,2026-04-24,2300.0,42683644.4151504,-21651974.60235217,37089.0,18814.0,2339.21
OKX,ETH,2026-04-24,2350.0,11789244.522929357,-10893349.700312207,9672.0,8937.0,2339.21
OKX,ETH,2026-04-24,2400.0,55178207.782879084,-17395677.205984652,46634.0,14702.0,2339.21
OKX,ETH,2026-04-24,2450.0,13389747.974660134,0.0,12737.0,0.0,2339.21
OKX,ETH,2026-04-24,2500.0,24081436.848009776,0.0,27782.0,0.0,2339.21
OKX,ETH,2026-04-24,2550.0,14166631.379925437,0.0,20927.0,0.0,2339.21
OKX,ETH,2026-04-24,2600.0,12369266.132739905,0.0,24188.0,0.0,2339.21
OKX,ETH,2026-05-29,2500.0,16554647.392435502,0.0,38267.0,0.0,2339.21
